,City,Country,Latitude,Longitude,Max Temp (C),Humidity (%),Wind Speed (m/s),Cloudiness (%),Date
0,Ushuaia,AR,-54.81,-68.31,2.0,93,4.1,90,1562043488
1,Butaritari,KI,3.07,172.79,29.5,69,3.55,86,1562043488
2,Puerto Ayacucho,CO,5.66,-67.63,23.7,93,3.0,100,1562043488
3,Vaini,IN,15.34,74.49,29.1,71,4.28,100,1562043488
4,Ancud,CL,-41.87,-73.83,2.0,78,2.6,40,1562043489
5,Albany,US,42.65,-73.75,21.11,82,2.1,1,1562043337
6,Neyshabur,IR,36.21,58.79,23.8,40,4.38,25,1562043489
7,Mataura,NZ,-46.19,168.86,12.22,78,1.79,100,1562043489
8,Vieste,IT,41.88,16.18,23.33,93,3.1,5,1562043392
9,Ponta do Sol,BR,-20.63,-46.0,14.6,71,1.04,0,1562043490
10,Rikitea,PF,-23.12,-134.97,21.0,72,8.04,100,1562043490
11,Cape Town,ZA,-33.93,18.42,15.0,82,9.3,75,1562043351
12,Hithadhoo,MV,-0.6,73.08,28.7,70,3.25,96,1562043297
13,San Cristobal,HN,14.68,-86.92,18.8,97,1.8,2,1562043491
14,Menongue,AO,-14.66,17.68,9.4,38,1.69,0,1562043491
15,Lompoc,US,34.64,-120.46,18.89,87,2.6,1,1562043450
16,Suamico,US,44.63,-88.04,23.33,88,1.5,90,1562043491
17,Kapaa,US,22.08,-159.32,28.0,74,4.1,75,1562043492
18,Saint-Francois,FR,46.42,3.91,18.0,82,1.5,0,1562043492
19,Plana,BA,42.97,18.4,23.0,60,0.99,0,1562043492
20,Hamilton,CA,43.26,-79.87,24.0,77,3.1,90,1562043210
21,Kodiak,US,39.95,-94.76,27.22,78,2.1,1,1562043493
22,Ngunguru,NZ,-35.62,174.5,16.11,88,3.58,86,1562043493
23,Port Augusta,AU,-32.49,137.76,16.0,59,3.6,0,1562043493
24,Carnarvon,ZA,-30.97,22.13,0.4,95,2.45,0,1562043493
25,Coihaique,CL,-45.58,-72.07,3.0,99,1.95,75,1562043494
26,Tainan,TW,22.99,120.21,28.0,88,4.6,75,1562043373
27,Nogliki,RU,51.8,143.14,8.4,79,6.95,18,1562043494
28,Clyde River,CA,70.47,-68.59,4.0,80,3.6,1,1562043494
29,Tura,RU,64.27,100.22,24.7,44,6.11,83,1562043475
30,Mahebourg,MU,-20.41,57.7,22.78,73,3.6,40,1562043495
31,Poum,MK,41.28,20.71,15.0,82,1.5,0,1562043495
32,Yaan,NG,7.38,8.57,23.2,94,2.77,37,1562043495
33,San Pedro,AR,-33.68,-59.66,8.33,87,0.89,0,1562043398
34,Bismarck,US,46.81,-100.78,21.0,82,3.1,1,1562043317
35,Qaanaaq,GL,77.48,-69.36,8.0,46,5.32,0,1562043496
36,Port Alfred,ZA,-33.59,26.89,12.22,64,3.13,5,1562043497
37,Isangel,VU,-19.55,169.27,25.0,73,2.1,75,1562043497
38,Esperance,AU,-33.86,121.89,16.0,51,4.6,40,1562043497
39,Guerrero Negro,MX,27.97,-114.04,20.2,76,7.97,0,1562043497
40,Beloha,MG,-25.17,45.06,23.2,39,4.37,0,1562043498
41,Bambous Virieux,MU,-20.34,57.76,22.78,73,3.6,40,1562043498
42,Saint-Philippe,CA,45.36,-73.48,22.78,68,7.2,90,1562043498
43,Upernavik,GL,72.79,-56.15,4.2,83,2.95,29,1562043499
44,Hit,IQ,33.64,42.83,34.9,8,6.64,0,1562043353
45,Hermanus,ZA,-34.42,19.24,16.11,63,4.47,85,1562043499
46,Cacequi,BR,-29.88,-54.83,6.4,82,1.94,0,1562043500
47,Provideniya,RU,64.42,-173.23,8.0,87,8.0,90,1562043500
48,Pisco,PE,-13.71,-76.2,15.0,87,1.5,40,1562043500
49,Eyl,SO,7.98,49.82,29.7,50,14.41,49,1562043500
50,Tenango,MX,20.53,-100.67,16.67,82,2.6,75,1562043501
51,Codrington,AU,-28.95,153.24,22.22,56,0.5,55,1562043501
52,Katsuura,JP,33.93,134.5,26.11,73,1.5,75,1562043501
53,Mecca,SA,21.43,39.83,34.6,24,6.64,0,1562043501
54,Torbay,CA,47.66,-52.73,11.67,100,3.6,90,1562043502
55,Tanabe,JP,33.73,135.39,22.0,94,1.0,75,1562043502
56,Zhanaozen,KZ,43.35,52.85,23.3,38,9.26,11,1562043502
57,Dikson,RU,73.51,80.55,8.7,69,7.53,98,1562043502
58,Yashkul,RU,46.17,45.34,26.6,48,6.32,13,1562043503
59,Nikolskoye,RU,59.7,30.79,17.22,72,4.0,0,1562043503
60,Branesti,RO,45.03,25.42,26.11,60,1.55,0,1562043503
61,Busselton,AU,-33.64,115.35,20.0,37,2.01,79,1562043504
62,Punta Arenas,CL,-53.16,-70.91,4.0,80,5.7,90,1562043504
63,Victoria,BN,5.28,115.24,33.0,59,1.5,75,1562043504
64,Puerto Ayora,EC,-0.74,-90.35,21.11,95,3.98,72,1562043504
65,Saskylakh,RU,71.97,114.09,9.5,54,6.16,83,1562043505
66,Kenai,US,60.55,-151.26,22.78,55,3.6,1,1562043505
67,Ribeira Grande,PT,38.52,-28.7,20.3,92,5.08,94,1562043505
68,Hobart,AU,-42.88,147.33,9.0,87,5.7,75,1562043425
69,Rocha,UY,-34.48,-54.34,5.9,70,6.91,0,1562043266
70,Lingao,CN,19.91,109.69,31.3,73,8.24,1,1562043506
71,Sayyan,YE,15.17,44.32,27.2,42,1.01,0,1562043506
72,Tigre,AR,-34.42,-58.58,9.44,70,5.7,0,1562043506
73,Thompson,CA,55.74,-97.86,10.0,87,2.1,90,1562043507
74,Bluff,AU,-23.58,149.07,22.5,45,4.69,100,1562043507
75,Jamestown,AU,-33.21,138.6,13.8,61,2.06,0,1562043507
76,Lamu,CN,35.77,102.37,22.9,39,1.09,89,1562043507
77,Mar del Plata,AR,-46.43,-67.52,1.1,66,6.86,63,1562043508
78,Itarema,BR,-2.92,-39.92,21.4,94,2.14,0,1562043508
79,Atuona,PF,-9.8,-139.03,27.0,77,6.89,0,1562043508
80,Boca del Rio,PE,-13.68,-76.21,15.0,87,1.5,40,1562043509
81,Matara,BI,-3.48,29.48,18.0,77,1.42,20,1562043509
82,Kaitangata,NZ,-46.28,169.85,8.89,73,0.89,100,1562043509
83,East London,ZA,-33.02,27.91,14.0,47,6.7,0,1562043359
84,Chuy,UY,-33.69,-53.46,6.5,81,6.45,0,1562043510
85,New Norfolk,AU,-42.78,147.06,9.0,87,5.7,75,1562043510
86,Puri,ID,-7.54,112.45,31.4,43,1.98,14,1562043510
87,Khatanga,RU,71.98,102.47,15.6,32,2.56,67,1562043511
88,Ouadda,CF,8.07,22.4,21.5,90,0.88,99,1562043511
89,Christchurch,NZ,-43.53,172.64,14.44,76,2.6,100,1562043379
90,Hasaki,JP,35.73,140.83,27.78,78,2.1,75,1562043511
91,Margate,AU,-43.03,147.26,9.0,87,5.7,75,1562043511
92,Tuktoyaktuk,CA,69.44,-133.03,10.0,87,7.2,90,1562043512
93,Rondonopolis,BR,-16.46,-54.64,19.3,50,2.02,0,1562043512
94,Liepaja,LV,56.52,21.02,17.0,82,8.2,25,1562043512
95,Edson,CA,53.59,-116.44,8.0,87,2.6,75,1562043513
96,Staroye Drozhzhanoye,RU,54.73,47.56,18.8,62,2.51,0,1562043513
97,Cabo San Lucas,MX,22.89,-109.91,25.0,78,3.1,5,1562043513
98,Ketchikan,US,55.34,-131.65,15.4,90,3.04,2,1562043513
99,San Carlos de Bariloche,AR,-41.13,-71.31,3.0,69,6.7,40,1562043514
100,Araouane,ML,18.9,-3.53,32.4,32,5.89,0,1562043514
101,Los Llanos de Aridane,ES,28.66,-17.92,22.0,60,7.7,90,1562043514
102,Price,US,39.6,-110.81,21.0,30,4.1,1,1562043514
103,Laguna,BZ,16.17,-88.94,26.0,94,1.02,75,1562043515
104,Pevek,RU,69.7,170.27,1.2,94,1.76,64,1562043515
105,Baculin,PH,7.45,126.58,25.3,83,0.72,97,1562043515
106,Baloda,IN,22.15,82.48,29.8,67,3.54,95,1562043515
107,Saint-Joseph,FR,43.56,6.97,25.0,83,2.1,0,1562043516
108,Castro,CL,-42.48,-73.76,2.0,95,2.6,40,1562043516
109,Longyearbyen,NO,78.22,15.63,10.0,66,10.8,75,1562043516
110,Atasu,KZ,48.68,71.64,29.7,23,7.11,51,1562043516
111,Bredasdorp,ZA,-34.53,20.04,16.11,55,10.8,26,1562043517
112,Tasiilaq,GL,65.61,-37.64,2.1,72,2.65,96,1562043517
113,Codajas,BR,-3.84,-62.06,22.7,78,0.53,30,1562043517
114,Saldanha,PT,41.42,-6.55,17.2,72,2.79,0,1562043517
115,Charkhi Dadri,IN,28.59,76.27,43.0,19,5.39,1,1562043518
116,Caravelas,BR,-17.73,-39.27,21.5,92,2.69,13,1562043518
117,Hualmay,PE,-11.1,-77.61,17.1,89,7.36,99,1562043519
118,Faanui,PF,-16.48,-151.75,25.4,79,11.26,89,1562043519
119,San Patricio,PY,-26.98,-56.83,10.4,93,1.0,100,1562043519
120,Yamada,JP,36.58,137.08,28.89,65,3.6,75,1562043519
121,Cherskiy,RU,68.75,161.3,11.1,63,5.6,89,1562043520
122,Termoli,IT,42.0,14.99,21.67,63,0.92,0,1562043520
123,Harper,US,30.3,-99.24,25.0,78,2.6,1,1562043520
124,Nanortalik,GL,60.14,-45.24,3.5,94,1.97,100,1562043521
125,Letlhakane,BW,-21.42,25.59,7.6,41,5.26,0,1562043521
126,Tucuman,PE,-17.17,-70.89,9.8,49,1.2,15,1562043521
127,Saint-Georges,CA,46.12,-70.67,20.56,75,3.04,100,1562043522
128,Port Blair,IN,11.67,92.75,28.9,79,11.47,99,1562043522
129,Karratha,AU,-20.74,116.85,29.0,14,3.76,0,1562043522
130,Suntar,RU,62.16,117.65,22.0,41,3.78,100,1562043523
131,Barsovo,RU,61.17,73.17,24.0,41,4.0,0,1562043523
132,Ahipara,NZ,-35.17,173.16,16.1,80,5.87,58,1562043523
133,North Bend,US,43.41,-124.22,16.0,93,2.7,90,1562043523
134,Aykhal,RU,65.95,111.51,13.0,50,4.0,75,1562043524
135,Luanda,AO,-8.83,13.24,21.1,84,2.58,50,1562043524
136,Zaraza,VE,9.35,-65.33,22.7,96,1.89,100,1562043524
137,Kungurtug,RU,50.6,97.53,20.8,26,5.01,57,1562043524
138,Ostrovnoy,RU,68.05,39.51,13.8,64,5.39,90,1562043525
139,Nabire,ID,-3.36,135.5,28.6,65,1.37,46,1562043525
140,Kavieng,PG,-2.57,150.8,28.5,72,3.84,16,1562043525
141,Saint George,GR,39.45,22.34,25.56,72,0.87,0,1562043374
142,Norman Wells,CA,65.28,-126.83,19.0,52,1.5,75,1562043526
143,Qena,EG,26.16,32.72,27.0,44,2.09,0,1562043526
144,Margherita,IN,27.29,95.67,28.0,94,1.5,90,1562043527
145,Faya,SA,18.39,42.45,25.0,30,1.5,20,1562043527
146,Sitka,US,37.17,-99.65,22.78,77,0.89,50,1562043527
147,Hyeres,FR,43.12,6.14,23.89,77,1.5,0,1562043527
148,Bonneville,FR,46.08,6.41,19.44,93,2.1,0,1562043528
149,Meulaboh,ID,4.14,96.13,28.1,72,0.85,71,1562043528
150,Husavik,CA,50.56,-96.99,20.56,39,5.32,0,1562043528
151,Moncada,ES,39.55,-0.39,24.44,83,1.5,12,1562043528
152,Mitchell,US,43.71,-98.03,22.0,83,2.1,40,1562043529
153,Linqu,CN,36.52,118.54,39.44,21,0.89,0,1562043529
154,Haines Junction,CA,60.75,-137.51,18.0,70,2.61,97,1562043529
155,Shiyan,CN,32.65,110.78,32.22,20,0.89,100,1562043530
156,Pacific Grove,US,36.62,-121.92,16.67,82,2.6,75,1562043328
157,Masuguru,MZ,-11.38,38.46,21.6,82,2.15,30,1562043530
158,Barrow,AR,-38.31,-60.23,8.6,56,6.83,99,1562043530
159,Alofi,NU,-19.06,-169.92,24.0,83,7.2,84,1562043531
160,Yar-Sale,RU,66.83,70.83,27.5,43,7.12,0,1562043460
161,Gamba,CN,28.28,88.52,15.3,26,3.32,37,1562043531
162,Rodrigues Alves,BR,-7.74,-72.65,22.0,86,0.63,46,1562043531
163,Aklavik,CA,68.22,-135.01,12.0,93,3.6,90,1562043531
164,Berlevag,NO,70.86,29.09,12.0,66,3.6,0,1562043532
165,Sjenica,RS,43.27,20.0,21.9,57,0.59,0,1562043532
166,Bolshaya Martynovka,RU,47.27,41.67,27.7,52,7.97,8,1562043532
167,Merauke,ID,-8.49,140.4,25.1,78,9.22,29,1562043533
168,Qingdao,CN,36.09,120.35,32.0,40,5.0,0,1562043533
169,Kozhevnikovo,RU,56.26,83.98,25.7,50,3.27,44,1562043533
170,Prainha,BR,-1.8,-53.48,23.1,94,0.74,100,1562043533
171,Quelimane,MZ,-17.88,36.89,22.0,100,1.61,0,1562043303
172,Daru,PG,-9.07,143.21,25.6,69,4.03,81,1562043534
173,Iqaluit,CA,63.75,-68.52,4.0,80,1.0,20,1562043534
174,Alice,ZA,-32.79,26.83,7.7,64,3.55,0,1562043516
175,Vila Velha,BR,-3.71,-38.6,26.0,78,3.1,20,1562043535
176,Kaeo,NZ,-35.1,173.78,16.11,88,3.58,67,1562043535
177,Touros,BR,-5.2,-35.46,22.0,94,2.1,20,1562043535
178,Rio Gallegos,AR,-51.62,-69.22,2.0,93,7.2,40,1562043535
179,Hilo,US,19.71,-155.08,26.0,61,2.6,90,1562043169
180,Chokurdakh,RU,70.62,147.9,12.0,56,5.55,100,1562043536
181,Kamenka,MD,48.03,28.7,23.33,72,0.89,58,1562043536
182,Michalovce,SK,48.75,21.92,24.0,53,2.6,0,1562043536
183,Mount Gambier,AU,-37.83,140.78,13.7,72,7.02,18,1562043537
184,Oksovskiy,RU,62.61,39.91,11.5,93,4.32,100,1562043537
185,Flinders,AU,-34.58,150.85,21.0,13,5.1,0,1562043537
186,Werda,BW,-25.27,23.28,4.1,72,1.94,0,1562043537
187,Paicandu,BR,-23.46,-52.05,20.0,88,2.1,0,1562043538
188,Dawson Creek,CA,55.76,-120.23,15.0,62,2.6,1,1562043538
189,Olean,US,42.08,-78.43,18.89,100,1.11,1,1562043538
190,Geraldton,CA,49.72,-86.95,18.0,59,1.0,5,1562043538
191,Okmulgee,US,35.62,-95.96,27.0,83,4.6,1,1562043539
192,Rio Grande,BR,-32.03,-52.1,4.5,85,1.86,0,1562043539
193,Alyangula,AU,-13.85,136.42,28.0,48,4.1,4,1562043539
194,Airai,TL,-8.93,125.41,29.1,53,1.44,67,1562043539
195,Ponferrada,ES,42.55,-6.59,13.33,99,1.33,0,1562043540
196,Muros,ES,42.77,-9.06,18.33,87,4.6,90,1562043540
197,Gonzalez,AR,-42.79,-65.06,4.6,57,9.13,12,1562043540
198,Vostok,RU,46.45,135.83,17.3,82,2.06,100,1562043540
199,Yulara,AU,-25.24,130.99,25.0,16,1.5,0,1562043541
200,Norton Shores,US,43.17,-86.26,23.0,78,2.03,1,1562043541
201,Eten,PE,-6.91,-79.86,19.0,29,6.2,40,1562043541
202,Kavaratti,IN,10.57,72.64,30.0,74,5.1,40,1562043542
203,Sao Joao da Barra,BR,-21.64,-41.05,19.5,75,2.09,0,1562043542
204,Goure,NE,13.98,10.27,31.4,45,5.11,15,1562043542
205,Beyneu,KZ,45.32,55.19,23.8,32,8.39,67,1562043542
206,Nishihara,JP,35.74,139.53,28.89,69,2.38,20,1562043543
207,Tautira,PF,-17.73,-149.15,26.0,69,4.1,75,1562043543
208,Arraial do Cabo,BR,-22.97,-42.02,23.2,76,3.66,0,1562043543
209,Narsaq,GL,60.91,-46.05,7.0,75,8.2,100,1562043543
210,Adrar,DZ,27.87,-0.29,29.0,14,3.6,0,1562043544
211,Elko,US,40.83,-115.76,24.0,19,3.61,1,1562043465
212,Cayenne,GF,4.94,-52.33,23.0,94,1.5,26,1562043544
213,Avarua,CK,-21.21,-159.78,23.0,64,7.2,19,1562043545
214,Vao,EE,59.1,26.19,17.8,58,5.25,83,1562043545
215,Sambava,MG,-14.27,50.17,22.9,54,2.12,0,1562043545
216,Yellowknife,CA,62.45,-114.38,11.0,87,7.2,75,1562043545
217,Padang,ID,-0.92,100.36,27.9,75,1.74,71,1562043546
218,Vanderhoof,CA,54.02,-124.02,11.0,63,0.41,75,1562043546
219,Eagle Pass,MX,28.71,-100.5,28.0,65,5.1,1,1562043483
220,Coahuayana,MX,18.62,-100.35,22.7,80,0.86,30,1562043546
221,Cookeville,US,36.16,-85.5,24.44,94,0.33,1,1562043547
222,Bukid,PH,11.29,124.75,28.8,67,1.36,100,1562043547
223,Magadan,RU,59.56,150.8,8.3,92,2.88,79,1562043547
224,Sioux Lookout,CA,50.1,-91.92,20.0,82,1.59,20,1562043547
225,Ambilobe,MG,-13.19,49.05,24.7,48,2.6,1,1562043548
226,Chernyshevskiy,RU,63.01,112.47,17.1,76,3.83,100,1562043548
227,Sarangani,PH,5.4,125.46,28.6,67,1.82,58,1562043548
228,Angoram,PG,-4.06,144.07,27.7,91,1.94,47,1562043549
229,Fare,PF,-16.7,-151.02,24.9,79,12.18,84,1562043549
230,Impfondo,CD,1.62,18.06,22.7,93,0.88,100,1562043549
231,Pointe-Noire,CG,-4.8,11.85,22.3,83,3.51,68,1562043549
232,Orlik,PL,53.95,17.74,17.22,82,5.7,40,1562043550
233,Uzhur,RU,55.32,89.85,19.0,74,2.02,66,1562043550
234,Kashan,IR,33.99,51.44,26.0,31,2.1,0,1562043550
235,Deputatskiy,RU,69.3,139.9,8.7,74,4.74,94,1562043551
236,Evensk,RU,61.92,159.24,11.1,84,4.69,98,1562043551
237,Klaksvik,FO,62.23,-6.59,6.0,87,2.1,64,1562043551
238,Ola,RU,59.58,151.3,8.7,89,4.59,57,1562043551
239,Sivaki,RU,52.63,126.75,21.0,53,5.22,46,1562043552
240,Guanica,PR,17.97,-66.91,26.67,80,3.23,1,1562043552
241,Nemuro,JP,43.32,145.57,16.0,93,1.0,75,1562043552
242,Geri,CN,35.67,100.55,20.4,33,0.92,97,1562043552
243,Bar Harbor,US,44.39,-68.2,18.0,82,2.6,75,1562043265
244,Dingle,PH,11.0,122.67,26.4,78,2.47,100,1562043553
245,Anderson Mill,US,32.22,-81.8,28.33,74,4.39,90,1562043553
246,Thinadhoo,MV,0.53,72.93,28.8,65,2.08,92,1562043554
247,Portland,US,43.66,-70.25,20.0,88,1.48,1,1562043554
248,Aguimes,ES,27.91,-15.45,22.0,64,11.3,75,1562043554
249,San Andres,PH,13.32,122.68,27.5,71,3.91,100,1562043555
250,Ilulissat,GL,69.22,-51.1,5.0,80,0.5,75,1562043555
251,Mitsamiouli,KM,-11.38,43.28,25.6,69,3.73,0,1562043555
252,Plouzane,FR,48.38,-4.62,13.89,93,1.0,1,1562043555
253,Oyem,GA,1.6,11.57,19.4,98,1.27,35,1562043556
254,Somoto,NI,13.48,-86.58,20.8,89,2.79,0,1562043556
255,Naze,NG,5.43,7.07,22.8,97,1.22,98,1562043556
256,Vysokogornyy,RU,50.1,139.13,17.4,55,4.04,63,1562043556
257,Araguaina,BR,-7.19,-48.21,21.8,63,0.85,31,1562043489
258,Mount Isa,AU,-20.73,139.49,25.0,22,5.7,0,1562043557
259,Segamat,MY,2.51,102.82,29.0,79,2.1,75,1562043557
260,San Vicente,EC,-0.59,-80.41,23.0,88,3.1,75,1562043557
261,Verkhnevilyuysk,RU,63.45,120.31,19.6,37,4.43,76,1562043558
262,Umm Kaddadah,SD,13.6,26.69,28.9,54,6.73,20,1562043558
263,Kayan,MM,16.91,96.56,29.0,83,2.1,90,1562043558
264,Scottsbluff,US,41.87,-103.67,20.0,74,3.6,90,1562043559
265,Jalu,LY,29.03,21.55,26.3,46,3.46,0,1562043559
266,Tiksi,RU,71.64,128.87,2.8,88,5.97,100,1562043560
267,Saint-Augustin,CA,45.63,-73.98,22.22,68,6.2,90,1562043560
268,Sandnessjoen,NO,66.02,12.63,8.0,81,4.6,40,1562043560
269,Takanabe,JP,32.13,131.49,22.0,94,1.5,75,1562043561
270,College,US,64.86,-147.8,19.0,45,2.6,40,1562043561
271,Salalah,OM,17.01,54.1,29.0,74,2.6,90,1562043561
272,Udachnyy,RU,66.42,112.4,13.0,50,4.0,75,1562043561
273,Severo-Kurilsk,RU,50.68,156.12,7.6,92,3.15,100,1562043562
274,Simao,CN,22.76,100.79,27.8,71,0.76,79,1562043562
275,Krasnorechenskiy,RU,44.63,135.35,14.2,89,1.63,100,1562043562
276,Sarkand,KZ,45.41,79.91,30.8,15,3.64,0,1562043563
277,Luderitz,NA,-26.65,15.16,11.0,76,1.0,0,1562043563
278,Antequera,ES,37.02,-4.56,21.67,77,0.64,0,1562043564
279,Tsevie,TG,6.43,1.21,25.0,94,3.6,20,1562043564
280,Rome,IT,41.89,12.48,26.67,49,1.0,0,1562043564
281,Panjakent,UZ,39.5,67.61,34.0,24,3.1,0,1562043518
282,Pathein,MM,16.78,94.73,28.8,81,5.1,100,1562043565
283,Tiznit,MA,29.7,-9.73,18.5,92,3.31,1,1562043565
284,Lata,IN,30.78,78.62,10.9,67,3.65,20,1562043565
285,Grand Gaube,MU,-20.01,57.66,22.78,73,3.6,40,1562043565
286,Mayor Pablo Lagerenza,PY,-19.93,-60.77,12.0,80,0.89,33,1562043566
287,Verkhnyaya Inta,RU,65.99,60.32,22.1,58,2.12,100,1562043566
288,Sobeslav,CZ,49.26,14.72,20.0,88,0.45,89,1562043566
289,Dunedin,NZ,-45.87,170.5,11.11,71,4.47,87,1562043566
290,Luena,AO,-11.78,19.91,10.6,41,1.27,0,1562043567
291,Mareeba,AU,-16.99,145.42,25.0,53,7.2,75,1562043567
292,Broome,GB,52.47,1.45,13.33,93,2.6,0,1562043567
293,Biltine,TD,14.53,20.93,26.9,57,7.84,100,1562043567
294,Manta,RO,45.1,24.1,24.6,63,0.89,0,1562043568
295,Buraydah,SA,26.33,43.97,30.0,33,1.5,0,1562043568
296,Matinhos,BR,-25.82,-48.53,15.0,95,0.8,100,1562043569
297,Newtonhill,GB,57.46,-4.37,11.11,87,5.1,75,1562043569
298,Egvekinot,RU,66.32,-179.17,6.6,88,6.61,93,1562043569
299,Innisfail,AU,-17.52,146.03,20.0,69,2.68,32,1562043569
300,Ixtapa,MX,20.71,-105.21,29.0,58,2.1,75,1562043570
301,Kilindoni,TZ,-7.91,39.67,25.7,82,5.92,21,1562043570
302,Makokou,GA,0.56,12.85,21.1,98,1.71,73,1562043570
303,Aswan,EG,24.09,32.9,30.0,28,1.0,0,1562043571
304,Komsomolskiy,RU,67.55,63.78,20.3,51,5.4,96,1562043571
305,Herat,AF,34.35,62.22,30.0,35,9.3,0,1562043571
306,Dovers,VC,12.88,-61.18,26.5,85,6.03,100,1562043571
307,Carutapera,BR,-1.2,-46.02,22.7,96,1.52,89,1562043572
308,Hovd,NO,63.83,10.7,9.44,81,7.2,75,1562043572
309,Manggar,ID,-2.88,108.27,31.3,54,4.04,20,1562043572
310,Nuuk,GL,64.17,-51.74,3.0,93,3.6,40,1562043573
311,Bandarbeyla,SO,9.49,50.81,31.7,44,14.45,37,1562043573
312,Bethanien,NA,-26.5,17.16,0.2,80,1.09,0,1562043573
313,Alihe,CN,50.57,123.73,21.2,43,1.59,61,1562043574
314,Oranjemund,ZA,-28.55,16.43,12.9,79,4.26,0,1562043306
315,Charters Towers,AU,-20.07,146.27,23.6,36,2.46,0,1562043574
316,Clarksburg,US,39.24,-77.28,21.11,72,0.91,40,1562043574
317,Bilma,NE,18.69,12.92,30.7,22,7.49,24,1562043575
318,Sao Sebastiao,BR,-3.15,-58.36,23.9,76,1.09,75,1562043575
319,Nikki,BJ,9.94,3.21,23.6,91,5.18,90,1562043575
320,Kopashnovo,UA,48.22,23.48,25.0,73,2.1,0,1562043575
321,Bethel,US,60.79,-161.76,12.0,100,3.6,90,1562043429
322,Tigil,RU,57.8,158.67,12.4,75,3.88,81,1562043576
323,Ajdabiya,LY,30.75,20.22,23.0,69,5.62,0,1562043576
324,Male,UA,50.74,33.7,21.3,84,3.64,97,1562043576
325,Giresun,TR,40.91,38.39,22.0,60,1.27,0,1562043577
326,Smithers,CA,54.78,-127.17,22.0,64,2.1,75,1562043577
327,Almaznyy,RU,48.03,40.04,24.0,69,6.0,0,1562043577
328,Omboue,GA,-1.57,9.26,22.6,85,6.1,61,1562043578
329,Coquimbo,CL,-29.95,-71.34,8.33,93,2.6,0,1562043578
330,Russas,BR,-4.93,-37.97,20.4,92,1.87,8,1562043578
331,Lagoa,PT,37.14,-8.45,18.0,72,1.5,0,1562043578
332,Kailua,US,21.39,-157.74,29.0,78,4.1,40,1562043304
333,Richards Bay,ZA,-28.77,32.06,18.2,56,4.25,0,1562043579
334,Talnakh,RU,69.49,88.39,20.0,40,3.0,0,1562043579
335,Dongning,CN,44.06,131.12,23.4,68,1.84,74,1562043579
336,La Ronge,CA,55.1,-105.3,7.0,93,3.6,40,1562043580
337,Georgetown,GY,6.8,-58.16,24.0,100,2.1,20,1562043326
338,Jerome,US,34.75,-112.11,28.33,17,1.5,1,1562043580
339,Liwale,TZ,-9.8,37.92,21.2,70,2.92,6,1562043580
340,Kurri Kurri,AU,-32.82,151.48,22.22,45,4.6,0,1562043581
341,Kijang,KR,35.24,129.21,27.0,61,5.1,0,1562043581
342,Vestmannaeyjar,IS,63.44,-20.27,9.0,64,4.41,53,1562043581
343,Formosa,BR,-15.55,-47.33,14.6,56,1.55,0,1562043582
344,Sibolga,ID,1.74,98.78,28.0,74,1.67,100,1562043582
345,Tabou,CI,4.42,-7.36,22.9,96,1.19,90,1562043582
346,Tomatlan,MX,19.93,-105.25,26.2,71,2.14,0,1562043583
347,Victoria,BN,5.28,115.24,33.0,59,1.5,75,1562043583
348,Gikongoro,RW,-2.46,29.57,16.9,56,1.0,23,1562043583
349,Bubaque,GW,11.28,-15.83,26.5,83,4.08,94,1562043584
350,Murgud,IN,16.43,74.26,24.3,82,4.51,100,1562043584
351,Bonfim,GY,3.36,-59.84,23.5,90,3.05,82,1562043584
352,Kruisfontein,ZA,-34.0,24.73,8.8,64,4.5,48,1562043584
353,Palembang,ID,-2.99,104.76,31.9,56,2.09,59,1562043585
354,Mandalgovi,MN,45.76,106.27,24.3,30,2.59,82,1562043585
355,La Union,GT,14.97,-89.29,20.0,98,1.22,43,1562043585
356,Moorhead,US,46.87,-96.75,22.0,60,1.5,1,1562043586
357,Kahului,US,20.89,-156.47,28.0,61,5.7,40,1562043524
358,Gualaquiza,EC,-3.4,-78.58,7.7,97,1.32,27,1562043586
359,Banda Aceh,ID,5.56,95.32,29.1,73,7.83,100,1562043571
360,Sijunjung,ID,-0.69,100.95,29.2,55,2.29,89,1562043586
361,Sola,TZ,-3.17,33.8,21.8,54,2.57,0,1562043587
362,Sturgeon Bay,US,44.83,-87.38,23.0,94,2.1,75,1562043385
363,Kamien Pomorski,PL,53.97,14.77,16.11,77,3.6,0,1562043587
364,Mahajanga,MG,-15.72,46.32,19.0,77,2.1,0,1562043588
365,Guozhen,CN,29.3,113.14,32.8,50,3.95,26,1562043588
366,Dromolaxia,CY,34.88,33.59,27.0,74,2.1,0,1562043588
367,Samarai,PG,-10.62,150.67,25.1,71,3.07,7,1562043589
368,Morristown,US,36.21,-83.29,24.44,88,0.78,40,1562043508
369,Ust-Omchug,RU,61.13,149.63,18.8,48,4.16,65,1562043589
370,Port Hardy,CA,50.7,-127.42,14.0,87,5.1,75,1562043589
371,Quatre Cocos,MU,-20.21,57.76,22.78,73,3.6,40,1562043590
372,Port Elizabeth,US,39.31,-74.98,23.0,77,2.1,1,1562043480
373,Half Moon Bay,US,37.46,-122.43,16.67,87,3.1,90,1562043398
374,Khani,GE,41.96,42.96,20.0,68,4.1,0,1562043590
375,Ardakan,IR,32.31,54.02,31.0,31,8.7,0,1562043591
376,Fairbanks,US,64.84,-147.72,19.0,45,2.6,40,1562043359
377,Tuatapere,NZ,-46.13,167.69,12.22,78,1.79,100,1562043591
378,Bonavista,CA,48.65,-53.11,8.89,85,2.24,100,1562043591
379,Comodoro Rivadavia,AR,-45.87,-67.48,6.0,60,5.7,0,1562043592
380,Chatakonda,IN,17.55,80.65,26.8,78,4.54,100,1562043592
381,Timra,SE,62.49,17.33,10.56,70,6.2,0,1562043592
382,Wilmington,US,39.75,-75.55,21.67,77,2.1,1,1562043549
383,Souillac,FR,45.6,-0.6,19.44,72,5.1,0,1562043593
384,Uruzgan,AF,32.93,66.63,26.9,11,2.03,0,1562043593
385,Asuncion,PY,-25.3,-57.63,13.0,93,2.1,90,1562043542
386,Mastic Beach,US,40.77,-72.85,22.78,83,2.1,1,1562043593
387,Shar,NG,7.3,8.73,23.2,94,2.77,37,1562043594
388,Bowen,AU,-20.01,148.25,25.0,57,7.2,46,1562043594
389,Baruun-Urt,MN,46.68,113.28,24.6,36,3.39,4,1562043594
390,Kangaatsiaq,GL,68.31,-53.46,4.1,88,2.53,100,1562043594
391,Broken Hill,AU,-31.97,141.45,15.0,24,3.6,0,1562043595
392,Portree,GB,57.41,-6.19,10.0,89,5.83,54,1562043595
393,Hami,CN,42.84,93.51,35.8,12,2.33,0,1562043595
394,Sao Filipe,CV,14.9,-24.5,22.5,88,10.68,0,1562043596
395,Bolu,TR,40.73,31.61,22.5,46,1.09,0,1562043506
396,Yelkhovka,RU,53.87,50.29,19.0,59,3.0,0,1562043596
397,Awjilah,LY,29.14,21.3,24.9,51,4.18,0,1562043596
398,Bredy,RU,52.43,60.33,15.6,94,3.05,100,1562043597
399,Litein,KE,-0.58,35.18,18.7,66,1.93,80,1562043597
400,Kidal,ML,18.44,1.41,32.2,15,4.83,0,1562043597
401,Ormara,PK,25.21,64.64,32.9,53,3.0,81,1562043597
402,Kibara,TZ,-2.15,33.45,16.0,72,4.1,0,1562043598
403,Skoghall,SE,59.32,13.47,11.0,87,5.7,61,1562043598
404,Cockburn Town,TC,21.46,-71.14,27.1,80,5.54,74,1562043598
405,Chenghai,CN,23.46,116.77,30.0,84,5.0,75,1562043599
406,Indramayu,ID,-4.05,103.78,26.6,72,2.01,55,1562043599
407,Lebu,ET,8.96,38.73,16.0,77,2.1,75,1562043599
408,Birin,NP,26.89,88.07,22.9,83,2.42,83,1562043600
409,Makakilo City,US,21.35,-158.09,29.0,69,3.1,1,1562043600
410,Gigmoto,PH,13.78,124.39,28.8,69,4.19,100,1562043600
411,Sampit,ID,-2.54,112.95,33.6,49,1.27,65,1562043600
412,Celestun,MX,20.87,-90.4,28.0,77,7.25,53,1562043601
413,Sagaing,MM,21.88,95.98,33.0,55,5.1,75,1562043601
414,Alice Springs,AU,-23.7,133.88,24.0,16,4.1,0,1562043408
415,Kitui,KE,-1.37,38.02,19.1,81,1.41,92,1562043602
416,Sinnamary,GF,5.38,-52.96,26.0,84,6.02,41,1562043603
417,Puerto Baquerizo Moreno,EC,-0.9,-89.6,21.5,89,4.28,47,1562043603
418,Gizo,IL,31.8,34.94,26.11,54,1.0,0,1562043604
419,Havoysund,NO,71.0,24.66,11.0,76,4.1,75,1562043604
420,Kinshasa,CD,-4.32,15.31,19.4,84,1.37,51,1562043604
421,Eureka,US,40.8,-124.16,15.0,93,4.1,90,1562043365
422,Qixingtai,CN,30.41,111.89,32.22,56,3.14,27,1562043605
423,Whitianga,NZ,-36.83,175.7,15.0,85,3.58,63,1562043605
424,Juneau,US,58.3,-134.42,23.0,56,2.1,75,1562043584
425,Gambo,CF,4.65,22.26,21.6,95,0.61,100,1562043606
426,Pamyat Parizhskoy Kommuny,RU,56.1,44.5,18.33,72,5.0,40,1562043606
427,Kudahuvadhoo,MV,2.67,72.89,28.6,61,0.66,100,1562043606
428,Pringsewu,ID,-5.36,104.98,28.3,65,2.47,79,1562043607
429,Labuhan,ID,-2.54,115.51,34.0,45,0.66,86,1562043607
430,Humaita,AR,-24.93,-65.37,8.0,93,1.0,0,1562043607
431,Vardo,US,39.62,-77.74,20.56,88,0.79,1,1562043607
432,Healdsburg,US,38.61,-122.87,18.33,77,4.6,1,1562043608
433,Kaseda,JP,31.42,130.32,26.0,88,2.6,75,1562043608
434,Zapolyarnyy,RU,69.43,30.82,10.0,81,4.6,75,1562043609
435,Kiunga,PG,-6.12,141.3,27.8,76,1.8,56,1562043609
436,Diamantino,BR,-14.4,-56.44,19.6,52,1.75,0,1562043609
437,Winnemucca,US,40.97,-117.74,23.0,16,5.1,1,1562043610
438,Sobolevo,RU,54.43,31.9,16.5,77,5.21,69,1562043610
439,Alberton,ZA,-26.25,28.13,4.44,80,0.5,0,1562043610
440,Simbahan,PH,6.3,120.58,28.5,75,4.86,84,1562043610
441,Ponta Delgada,PT,37.73,-25.67,18.0,93,1.0,20,1562043611
442,Zhezkazgan,KZ,47.8,67.71,25.0,51,9.0,90,1562043611
443,Pacifica,US,37.61,-122.49,16.11,87,3.1,90,1562043611
444,Isla Mujeres,MX,21.23,-86.73,28.0,88,3.1,40,1562043612
445,Galle,GN,10.08,-12.83,21.0,98,0.53,100,1562043612
446,Conceicao do Araguaia,BR,-8.26,-49.26,20.7,63,0.79,23,1562043612
447,Praia da Vitoria,PT,38.73,-27.07,21.0,77,4.84,40,1562043612
448,Mujiayingzi,CN,42.12,118.78,25.3,29,1.36,11,1562043613
449,Natal,BR,-5.81,-35.21,23.0,88,2.1,20,1562043558
450,Mnogovershinnyy,RU,53.94,139.92,20.4,48,0.75,86,1562043613
451,Alexandria,RO,43.97,25.33,28.33,53,2.16,0,1562043313
452,Warrnambool,AU,-38.38,142.48,13.33,86,4.47,23,1562043614
453,Rawson,AR,-43.3,-65.11,3.0,62,8.47,8,1562043614
454,Kisangani,CD,0.52,25.21,23.9,82,1.86,87,1562043614
455,Te Anau,NZ,-45.41,167.72,10.1,83,1.3,93,1562043614
456,Nelson Bay,AU,-32.72,152.14,21.11,45,4.6,0,1562043615
457,San Juan del Sur,NI,11.25,-85.87,25.8,77,7.84,95,1562043615
458,Urengoy,RU,65.96,78.37,25.7,33,3.77,21,1562043615
459,Rio Muerto,MX,27.42,-110.23,28.3,63,4.12,10,1562043616
460,Inverell,AU,-29.78,151.11,20.0,36,1.79,9,1562043616
461,Bagn,NO,60.82,9.55,5.0,70,4.47,100,1562043616
462,Alekseyevsk,RU,57.84,108.35,34.7,21,2.01,6,1562043617
463,Gat,SN,14.69,-16.54,22.9,83,3.36,15,1562043617
464,Tessalit,ML,20.2,1.01,30.2,12,5.03,0,1562043617
465,Kulhudhuffushi,MV,6.62,73.07,28.5,73,5.56,100,1562043617
466,Iwanai,JP,42.97,140.51,14.3,97,2.08,90,1562043618
467,Key West,US,47.93,-96.78,20.0,68,2.6,1,1562043601
468,Vikhorevka,RU,56.12,101.17,30.0,39,2.0,0,1562043618
469,Khorinsk,RU,52.16,109.78,25.6,38,0.82,36,1562043618
470,Cervo,BR,-22.19,-46.24,14.8,79,2.2,49,1562043619
471,Koksovyy,RU,48.2,40.6,25.7,59,5.74,54,1562043619
472,Nanakuli,US,21.39,-158.15,29.0,69,3.1,1,1562043619
473,Gainesville,US,29.65,-82.33,26.67,100,2.6,1,1562043611
474,Puerto Quijarro,BO,-19.0,-57.72,15.2,95,1.3,28,1562043620
475,Taicheng,CN,22.25,112.8,35.0,57,3.26,90,1562043620
476,Lorengau,PG,-2.02,147.27,28.1,77,3.22,6,1562043620
477,Kayankulam,IN,9.18,76.5,28.4,80,6.38,100,1562043620
478,Fortuna,US,40.6,-124.16,15.0,93,4.1,90,1562043621
479,Plomarion,GR,38.98,26.37,23.0,69,2.6,0,1562043621
480,Aginskoye,RU,51.11,114.54,25.6,41,2.3,20,1562043621
481,Mendi,ET,9.8,35.1,19.0,89,0.51,94,1562043622
482,Fukue,JP,35.03,136.69,31.67,83,2.1,75,1562043622
483,Kamina,CD,-8.74,25.0,17.5,37,3.07,0,1562043622
484,Pangnirtung,CA,66.15,-65.72,9.3,40,0.82,89,1562043623
485,Taganak,PH,6.08,118.3,33.0,63,1.0,75,1562043623
486,Lasa,CY,34.92,32.53,26.0,50,1.0,0,1562043623
487,Kamaishi,JP,39.28,141.86,26.0,61,3.1,75,1562043623
488,Swellendam,ZA,-34.02,20.44,16.0,55,10.8,43,1562043624
489,Algeciras,ES,36.13,-5.45,23.0,77,3.1,40,1562043624
490,Weligama,LK,5.97,80.42,28.8,80,7.87,100,1562043624
491,Sierra Vista,US,31.55,-110.3,28.89,36,3.6,90,1562043527
492,Turan,RU,52.15,93.92,16.9,53,1.61,90,1562043625
493,Lethem,GY,3.38,-59.8,23.5,90,3.05,82,1562043625
494,Verkh-Usugli,RU,52.7,115.17,25.2,35,3.81,13,1562043625
495,Nhulunbuy,AU,-12.18,136.78,27.0,57,6.2,40,1562043626
496,Sompeta,IN,18.93,84.6,31.3,58,2.34,92,1562043626
497,Cidreira,BR,-30.17,-50.22,8.7,86,2.75,0,1562043626
498,Lisakovsk,KZ,52.55,62.49,20.5,78,5.78,89,1562043626
499,Saint Anthony,US,43.97,-111.68,21.0,40,2.6,1,1562043627
500,Saint-Pierre,FR,48.95,4.24,13.0,87,3.1,0,1562043627
501,Severo-Yeniseyskiy,RU,60.37,93.04,33.3,24,3.37,0,1562043627
502,Hofn,IS,64.25,-15.21,1.8,67,5.72,0,1562043627
503,Apartado,CO,7.88,-76.63,23.7,98,1.17,100,1562043628
504,Nakatsu,JP,33.6,131.19,26.11,73,1.5,75,1562043628
505,Peranamallur,IN,12.57,79.43,33.5,40,5.61,100,1562043628
506,Surovikino,RU,48.61,42.84,25.2,57,7.06,81,1562043629
507,Muravlenko,RU,63.79,74.5,25.6,32,5.35,0,1562043629
508,Avera,US,33.19,-82.53,28.0,88,1.5,1,1562043629
509,Lichinga,MZ,-13.3,35.25,15.0,87,2.6,20,1562043630
510,Sousa,JP,35.69,140.55,28.89,78,2.1,75,1562043630
511,Numan,NG,9.46,12.04,26.1,78,5.17,73,1562043630
512,Maningrida,AU,-12.05,134.23,28.6,40,4.74,59,1562043631
513,Vanimo,PG,-2.67,141.3,28.0,78,5.81,0,1562043631
514,Grindavik,IS,63.84,-22.43,8.0,81,3.1,0,1562043631
515,Port Lincoln,AU,-34.72,135.86,15.0,70,2.75,0,1562043631
516,Marovoay,MG,-16.11,46.64,19.0,77,2.1,0,1562043632
517,Itoman,JP,26.12,127.67,33.0,74,8.2,20,1562043632
518,Ocean City,US,30.44,-86.61,28.33,88,2.53,1,1562043632
519,Msanga,TZ,-6.04,36.03,20.3,71,2.92,2,1562043633
520,Kasama,ZM,-10.21,31.19,16.4,64,2.49,0,1562043633
521,Kaa-Khem,RU,51.7,94.56,12.0,72,1.77,99,1562043633
522,Lydenburg,ZA,-25.1,30.46,13.33,36,1.48,0,1562043633
523,Nyurba,RU,63.29,118.35,19.9,39,4.56,99,1562043634
524,Turbat,PK,26.0,63.05,32.9,49,2.54,78,1562043634
525,Imbituba,BR,-28.24,-48.67,15.0,87,2.1,75,1562043635
526,Ampanihy,MG,-24.69,44.75,25.0,33,4.91,0,1562043635
527,Sisimiut,GL,66.94,-53.67,2.9,92,0.95,100,1562043635
528,Sorong,ID,-0.86,131.25,27.9,83,3.51,99,1562043635
529,Sangamner,IN,19.57,74.2,24.9,75,4.66,86,1562043636
530,Black River,JM,18.03,-77.85,28.0,83,1.5,20,1562043547
531,Valparaiso,US,41.47,-87.06,26.67,94,3.26,1,1562043471
532,Atikokan,CA,48.76,-91.62,14.5,72,1.44,0,1562043636
533,Kununurra,AU,-15.77,128.74,30.0,22,4.6,17,1562043637
534,Hambantota,LK,6.12,81.12,31.0,79,6.7,75,1562043637
535,Nayoro,JP,44.36,142.46,16.9,80,3.38,98,1562043637
